date,sunspot_ms,diff
1856-01-01,6.3,0.2999999999999998
1856-02-01,6.9,0.6000000000000005
1856-03-01,7.5,0.5999999999999996
1856-04-01,7.4,-0.09999999999999964
1856-05-01,7.3,-0.10000000000000053
1856-06-01,7.9,0.6000000000000005
1856-07-01,9.3,1.4000000000000004
1856-08-01,10.5,1.1999999999999993
1856-09-01,11.1,0.5999999999999996
1856-10-01,11.8,0.7000000000000011
1856-11-01,14.5,2.6999999999999993
1856-12-01,17.6,3.1000000000000014
1857-01-01,19.8,2.1999999999999993
1857-02-01,22.1,2.3000000000000007
1857-03-01,26.0,3.8999999999999986
1857-04-01,31.8,5.800000000000001
1857-05-01,36.6,4.800000000000001
1857-06-01,40.8,4.199999999999996
1857-07-01,45.2,4.400000000000006
1857-08-01,49.4,4.199999999999996
1857-09-01,55.7,6.300000000000004
1857-10-01,62.0,6.299999999999997
1857-11-01,65.1,3.0999999999999943
1857-12-01,68.4,3.3000000000000114
1858-01-01,73.4,5.0
1858-02-01,79.1,5.699999999999989
1858-03-01,85.2,6.1000000000000085
1858-04-01,92.2,7.0
1858-05-01,97.8,5.599999999999994
1858-06-01,101.8,4.0
1858-07-01,107.6,5.799999999999997
1858-08-01,115.3,7.700000000000003
1858-09-01,122.1,6.799999999999997
1858-10-01,128.5,6.400000000000006
1858-11-01,136.1,7.599999999999994
1858-12-01,143.4,7.300000000000011
1859-01-01,149.8,6.400000000000006
1859-02-01,157.0,7.199999999999989
1859-03-01,163.1,6.099999999999994
1859-04-01,167.0,3.9000000000000057
1859-05-01,172.4,5.400000000000006
1859-06-01,177.1,4.699999999999989
1859-07-01,178.1,1.0
1859-08-01,178.1,0.0
1859-09-01,178.8,0.700000000000017
1859-10-01,178.4,-0.4000000000000057
1859-11-01,178.5,0.09999999999999432
1859-12-01,181.5,3.0
1860-01-01,185.0,3.5
1860-02-01,186.2,1.1999999999999886
1860-03-01,184.6,-1.5999999999999943
1860-04-01,181.5,-3.0999999999999943
1860-05-01,179.7,-1.8000000000000114
1860-06-01,180.9,1.200000000000017
1860-07-01,180.4,-0.5
1860-08-01,178.0,-2.4000000000000057
1860-09-01,177.3,-0.6999999999999886
1860-10-01,179.6,2.299999999999983
1860-11-01,177.8,-1.799999999999983
1860-12-01,172.2,-5.600000000000023
1861-01-01,167.5,-4.699999999999989
1861-02-01,163.0,-4.5
1861-03-01,160.6,-2.4000000000000057
1861-04-01,157.9,-2.6999999999999886
1861-05-01,152.6,-5.300000000000011
1861-06-01,147.8,-4.799999999999983
1861-07-01,146.7,-1.1000000000000227
1861-08-01,145.7,-1.0
1861-09-01,140.1,-5.599999999999994
1861-10-01,132.0,-8.099999999999994
1861-11-01,129.1,-2.9000000000000057
1861-12-01,129.4,0.30000000000001137
1862-01-01,128.7,-0.700000000000017
1862-02-01,126.7,-1.9999999999999858
1862-03-01,124.1,-2.6000000000000085
1862-04-01,121.0,-3.0999999999999943
1862-05-01,118.8,-2.200000000000003
1862-06-01,115.4,-3.3999999999999915
1862-07-01,111.1,-4.300000000000011
1862-08-01,109.3,-1.7999999999999972
1862-09-01,110.5,1.2000000000000028
1862-10-01,111.3,0.7999999999999972
1862-11-01,109.4,-1.8999999999999915
1862-12-01,105.1,-4.300000000000011
1863-01-01,98.5,-6.599999999999994
1863-02-01,94.1,-4.400000000000006
1863-03-01,89.4,-4.699999999999989
1863-04-01,85.7,-3.700000000000003
1863-05-01,84.5,-1.2000000000000028
1863-06-01,83.5,-1.0
1863-07-01,84.3,0.7999999999999972
1863-08-01,84.3,0.0
1863-09-01,83.5,-0.7999999999999972
1863-10-01,83.1,-0.4000000000000057
1863-11-01,81.7,-1.3999999999999915
1863-12-01,82.0,0.29999999999999716
1864-01-01,85.1,3.0999999999999943
1864-02-01,87.4,2.3000000000000114
1864-03-01,88.5,1.0999999999999943
1864-04-01,88.5,0.0
1864-05-01,89.6,1.0999999999999943
1864-06-01,90.2,0.6000000000000085
1864-07-01,88.5,-1.7000000000000028
1864-08-01,87.1,-1.4000000000000057
1864-09-01,84.4,-2.6999999999999886
1864-10-01,81.8,-2.6000000000000085
1864-11-01,80.8,-1.0
1864-12-01,78.4,-2.3999999999999915
1865-01-01,74.3,-4.1000000000000085
1865-02-01,70.7,-3.5999999999999943
1865-03-01,68.8,-1.9000000000000057
1865-04-01,66.9,-1.8999999999999915
1865-05-01,63.0,-3.9000000000000057
1865-06-01,59.1,-3.8999999999999986
1865-07-01,56.5,-2.6000000000000014
1865-08-01,55.1,-1.3999999999999986
1865-09-01,53.8,-1.3000000000000043
1865-10-01,51.7,-2.0999999999999943
1865-11-01,49.1,-2.6000000000000014
1865-12-01,46.0,-3.1000000000000014
1866-01-01,43.3,-2.700000000000003
1866-02-01,39.9,-3.3999999999999986
1866-03-01,36.8,-3.1000000000000014
1866-04-01,35.4,-1.3999999999999986
1866-05-01,34.0,-1.3999999999999986
1866-06-01,31.9,-2.1000000000000014
1866-07-01,28.5,-3.3999999999999986
1866-08-01,23.0,-5.5
1866-09-01,18.8,-4.199999999999999
1866-10-01,16.6,-2.1999999999999993
1866-11-01,14.8,-1.8000000000000007
1866-12-01,12.8,-2.0
1867-01-01,11.3,-1.5
1867-02-01,10.3,-1.0
1867-03-01,9.9,-0.40000000000000036
1867-04-01,10.0,0.09999999999999964
1867-05-01,10.0,0.0
1867-06-01,11.9,1.9000000000000004
1867-07-01,14.9,3.0
1867-08-01,17.0,2.0999999999999996
1867-09-01,19.1,2.1000000000000014
1867-10-01,22.4,3.299999999999997
1867-11-01,26.2,3.8000000000000007
1867-12-01,29.8,3.6000000000000014
1868-01-01,33.5,3.6999999999999993
1868-02-01,37.1,3.6000000000000014
1868-03-01,41.6,4.5
1868-04-01,47.3,5.699999999999996
1868-05-01,53.9,6.600000000000001
1868-06-01,60.0,6.100000000000001
1868-07-01,65.8,5.799999999999997
1868-08-01,72.1,6.299999999999997
1868-09-01,77.0,4.900000000000006
1868-10-01,79.1,2.0999999999999943
1868-11-01,84.8,5.700000000000003
1868-12-01,95.5,10.700000000000003
1869-01-01,103.0,7.5
1869-02-01,108.2,5.200000000000003
1869-03-01,113.7,5.5
1869-04-01,115.9,2.200000000000003
1869-05-01,117.0,1.0999999999999943
1869-06-01,120.9,3.9000000000000057
1869-07-01,124.6,3.6999999999999886
1869-08-01,129.5,4.900000000000006
1869-09-01,140.7,11.199999999999989
1869-10-01,156.2,15.5
1869-11-01,169.5,13.300000000000011
1869-12-01,176.4,6.900000000000006
1870-01-01,183.4,7.0
1870-02-01,193.6,10.199999999999989
1870-03-01,202.6,9.0
1870-04-01,212.5,9.900000000000006
1870-05-01,223.4,10.900000000000006
1870-06-01,230.0,6.599999999999994
1870-07-01,232.5,2.5
1870-08-01,234.0,1.5
1870-09-01,233.7,-0.30000000000001137
1870-10-01,232.9,-0.799999999999983
1870-11-01,231.0,-1.9000000000000057
1870-12-01,225.8,-5.199999999999989
1871-01-01,220.7,-5.100000000000023
1871-02-01,215.6,-5.099999999999994
1871-03-01,208.7,-6.900000000000006
1871-04-01,200.8,-7.899999999999977
1871-05-01,193.9,-6.900000000000006
1871-06-01,188.2,-5.700000000000017
1871-07-01,184.9,-3.299999999999983
1871-08-01,183.9,-1.0
1871-09-01,179.7,-4.200000000000017
1871-10-01,171.8,-7.899999999999977
1871-11-01,164.9,-6.900000000000006
1871-12-01,163.6,-1.3000000000000114
1872-01-01,165.0,1.4000000000000057
1872-02-01,164.0,-1.0
1872-03-01,165.2,1.1999999999999886
1872-04-01,168.5,3.3000000000000114
1872-05-01,169.9,1.4000000000000057
1872-06-01,169.9,0.0
1872-07-01,170.0,0.09999999999999432
1872-08-01,169.6,-0.4000000000000057
1872-09-01,169.3,-0.29999999999998295
1872-10-01,168.2,-1.1000000000000227
1872-11-01,162.3,-5.899999999999977
1872-12-01,153.6,-8.700000000000017
1873-01-01,146.4,-7.199999999999989
1873-02-01,142.0,-4.400000000000006
1873-03-01,135.6,-6.400000000000006
1873-04-01,127.1,-8.5
1873-05-01,119.3,-7.799999999999997
1873-06-01,112.9,-6.3999999999999915
1873-07-01,108.7,-4.200000000000003
1873-08-01,103.9,-4.799999999999997
1873-09-01,97.4,-6.5
1873-10-01,90.7,-6.700000000000003
1873-11-01,87.4,-3.299999999999997
1873-12-01,86.7,-0.7000000000000028
1874-01-01,86.3,-0.4000000000000057
1874-02-01,85.9,-0.3999999999999915
1874-03-01,84.1,-1.8000000000000114
1874-04-01,81.9,-2.1999999999999886
1874-05-01,79.2,-2.700000000000003
1874-06-01,75.9,-3.299999999999997
1874-07-01,71.3,-4.6000000000000085
1874-08-01,65.2,-6.099999999999994
1874-09-01,61.3,-3.9000000000000057
1874-10-01,60.2,-1.0999999999999943
1874-11-01,57.7,-2.5
1874-12-01,54.4,-3.3000000000000043
1875-01-01,49.6,-4.799999999999997
1875-02-01,42.5,-7.100000000000001
1875-03-01,37.5,-5.0
1875-04-01,34.2,-3.299999999999997
1875-05-01,31.9,-2.3000000000000043
1875-06-01,29.8,-2.099999999999998
1875-07-01,28.4,-1.4000000000000021
1875-08-01,27.9,-0.5
1875-09-01,27.3,-0.5999999999999979
1875-10-01,25.2,-2.1000000000000014
1875-11-01,22.9,-2.3000000000000007
1875-12-01,20.9,-2.0
1876-01-01,19.5,-1.3999999999999986
1876-02-01,19.3,-0.1999999999999993
1876-03-01,19.4,0.09999999999999787
1876-04-01,20.1,0.7000000000000028
1876-05-01,19.6,-0.5
1876-06-01,19.0,-0.6000000000000014
1876-07-01,19.5,0.5
1876-08-01,19.8,0.3000000000000007
1876-09-01,18.1,-1.6999999999999993
1876-10-01,17.7,-0.40000000000000213
1876-11-01,19.8,2.1000000000000014
1876-12-01,21.8,2.0
1877-01-01,22.0,0.1999999999999993
1877-02-01,21.2,-0.8000000000000007
1877-03-01,21.5,0.3000000000000007
1877-04-01,21.4,-0.10000000000000142
1877-05-01,21.2,-0.1999999999999993
1877-06-01,21.1,-0.09999999999999787
1877-07-01,19.2,-1.9000000000000021
1877-08-01,17.6,-1.5999999999999979
1877-09-01,17.2,-0.40000000000000213
1877-10-01,15.8,-1.3999999999999986
1877-11-01,13.6,-2.200000000000001
1877-12-01,12.0,-1.5999999999999996
1878-01-01,11.0,-1.0
1878-02-01,10.2,-0.8000000000000007
1878-03-01,8.9,-1.299999999999999
1878-04-01,7.8,-1.1000000000000005
1878-05-01,6.7,-1.0999999999999996
1878-06-01,5.9,-0.7999999999999998
1878-07-01,5.6,-0.3000000000000007
1878-08-01,5.0,-0.5999999999999996
1878-09-01,4.0,-1.0
1878-10-01,3.9,-0.10000000000000009
1878-11-01,4.1,0.19999999999999973
1878-12-01,3.7,-0.39999999999999947
1879-01-01,4.1,0.39999999999999947
1879-02-01,5.4,1.3000000000000007
1879-03-01,6.2,0.7999999999999998
1879-04-01,7.0,0.7999999999999998
1879-05-01,8.4,1.4000000000000004
1879-06-01,9.5,1.0999999999999996
1879-07-01,11.6,2.0999999999999996
1879-08-01,15.1,3.5
1879-09-01,18.3,3.200000000000001
1879-10-01,20.5,2.1999999999999993
1879-11-01,22.9,2.3999999999999986
1879-12-01,26.4,3.5
1880-01-01,29.4,3.0
1880-02-01,33.0,3.6000000000000014
1880-03-01,39.8,6.799999999999997
1880-04-01,46.1,6.300000000000004
1880-05-01,49.4,3.299999999999997
1880-06-01,52.2,2.8000000000000043
1880-07-01,54.6,2.3999999999999986
1880-08-01,57.3,2.6999999999999957
1880-09-01,61.3,4.0
1880-10-01,65.8,4.5
1880-11-01,69.4,3.6000000000000085
1880-12-01,72.6,3.1999999999999886
1881-01-01,78.3,5.700000000000003
1881-02-01,82.8,4.5
1881-03-01,82.6,-0.20000000000000284
1881-04-01,83.2,0.6000000000000085
1881-05-01,86.4,3.200000000000003
1881-06-01,89.3,2.8999999999999915
1881-07-01,91.1,1.7999999999999972
1881-08-01,92.8,1.7000000000000028
1881-09-01,95.1,2.299999999999997
1881-10-01,99.2,4.1000000000000085
1881-11-01,103.7,4.5
1881-12-01,104.1,0.3999999999999915
1882-01-01,100.8,-3.299999999999997
1882-02-01,97.4,-3.3999999999999915
1882-03-01,96.5,-0.9000000000000057
1882-04-01,96.4,-0.09999999999999432
1882-05-01,98.1,1.6999999999999886
1882-06-01,99.8,1.7000000000000028
1882-07-01,100.5,0.7000000000000028
1882-08-01,100.0,-0.5
1882-09-01,96.7,-3.299999999999997
1882-10-01,94.1,-2.6000000000000085
1882-11-01,90.9,-3.1999999999999886
1882-12-01,90.8,-0.10000000000000853
1883-01-01,95.4,4.6000000000000085
1883-02-01,98.2,2.799999999999997
1883-03-01,98.2,0.0
1883-04-01,99.6,1.3999999999999915
1883-05-01,101.3,1.7000000000000028
1883-06-01,103.7,2.4000000000000057
1883-07-01,108.2,4.5
1883-08-01,113.1,4.8999999999999915
1883-09-01,119.0,5.900000000000006
1883-10-01,121.7,2.700000000000003
1883-11-01,123.7,2.0
1883-12-01,124.4,0.7000000000000028
1884-01-01,120.8,-3.6000000000000085
1884-02-01,119.5,-1.2999999999999972
1884-03-01,120.9,1.4000000000000057
1884-04-01,119.0,-1.9000000000000057
1884-05-01,113.2,-5.799999999999997
1884-06-01,107.8,-5.400000000000006
1884-07-01,102.5,-5.299999999999997
1884-08-01,98.0,-4.5
1884-09-01,94.4,-3.5999999999999943
1884-10-01,90.3,-4.1000000000000085
1884-11-01,89.3,-1.0
1884-12-01,92.0,2.700000000000003
1885-01-01,95.1,3.0999999999999943
1885-02-01,95.7,0.6000000000000085
1885-03-01,93.7,-2.0
1885-04-01,91.6,-2.1000000000000085
1885-05-01,90.5,-1.0999999999999943
1885-06-01,88.4,-2.0999999999999943
1885-07-01,85.7,-2.700000000000003
1885-08-01,81.6,-4.1000000000000085
1885-09-01,79.0,-2.5999999999999943
1885-10-01,78.7,-0.29999999999999716
1885-11-01,75.0,-3.700000000000003
1885-12-01,68.2,-6.799999999999997
1886-01-01,61.7,-6.5
1886-02-01,56.9,-4.800000000000004
1886-03-01,53.3,-3.6000000000000014
1886-04-01,50.0,-3.299999999999997
1886-05-01,45.7,-4.299999999999997
1886-06-01,43.0,-2.700000000000003
1886-07-01,41.0,-2.0
1886-08-01,38.8,-2.200000000000003
1886-09-01,34.2,-4.599999999999994
1886-10-01,28.0,-6.200000000000003
1886-11-01,24.7,-3.3000000000000007
1886-12-01,23.1,-1.5999999999999979
1887-01-01,21.9,-1.2000000000000028
1887-02-01,21.7,-0.1999999999999993
1887-03-01,21.0,-0.6999999999999993
1887-04-01,19.9,-1.1000000000000014
1887-05-01,20.2,0.3000000000000007
1887-06-01,21.2,1.0
1887-07-01,21.9,0.6999999999999993
1887-08-01,21.7,-0.1999999999999993
1887-09-01,21.5,-0.1999999999999993
1887-10-01,21.6,0.10000000000000142
1887-11-01,20.6,-1.0
1887-12-01,19.1,-1.5
1888-01-01,17.1,-2.0
1888-02-01,14.4,-2.700000000000001
1888-03-01,13.2,-1.200000000000001
1888-04-01,13.0,-0.1999999999999993
1888-05-01,12.9,-0.09999999999999964
1888-06-01,12.2,-0.7000000000000011
1888-07-01,10.4,-1.799999999999999
1888-08-01,9.7,-0.7000000000000011
1888-09-01,9.7,0.0
1888-10-01,9.5,-0.1999999999999993
1888-11-01,9.2,-0.3000000000000007
1888-12-01,8.8,-0.3999999999999986
1889-01-01,9.2,0.3999999999999986
1889-02-01,10.9,1.700000000000001
1889-03-01,12.0,1.0999999999999996
1889-04-01,11.8,-0.1999999999999993
1889-05-01,11.1,-0.7000000000000011
1889-06-01,10.4,-0.6999999999999993
1889-07-01,10.7,0.29999999999999893
1889-08-01,10.5,-0.1999999999999993
1889-09-01,9.8,-0.6999999999999993
1889-10-01,9.5,-0.3000000000000007
1889-11-01,9.5,0.0
1889-12-01,9.3,-0.1999999999999993
1890-01-01,9.1,-0.20000000000000107
1890-02-01,8.4,-0.6999999999999993
1890-03-01,8.3,-0.09999999999999964
1890-04-01,9.7,1.3999999999999986
1890-05-01,10.9,1.200000000000001
1890-06-01,11.7,0.7999999999999989
1890-07-01,12.3,0.6000000000000014
1890-08-01,14.4,2.0999999999999996
1890-09-01,16.2,1.799999999999999
1890-10-01,17.9,1.6999999999999993
1890-11-01,21.7,3.8000000000000007
1890-12-01,27.5,5.800000000000001
1891-01-01,34.1,6.600000000000001
1891-02-01,39.0,4.899999999999999
1891-03-01,43.3,4.299999999999997
1891-04-01,48.7,5.400000000000006
1891-05-01,53.7,5.0
1891-06-01,57.7,4.0
1891-07-01,63.2,5.5
1891-08-01,70.8,7.599999999999994
1891-09-01,77.3,6.5
1891-10-01,83.5,6.200000000000003
1891-11-01,89.5,6.0
1891-12-01,94.2,4.700000000000003
1892-01-01,97.4,3.200000000000003
1892-02-01,103.3,5.8999999999999915
1892-03-01,108.7,5.400000000000006
1892-04-01,110.6,1.8999999999999915
1892-05-01,113.6,3.0
1892-06-01,118.4,4.800000000000011
1892-07-01,122.0,3.5999999999999943
1892-08-01,122.2,0.20000000000000284
1892-09-01,123.1,0.8999999999999915
1892-10-01,125.5,2.4000000000000057
1892-11-01,127.2,1.7000000000000028
1892-12-01,128.5,1.2999999999999972
1893-01-01,130.2,1.6999999999999886
1893-02-01,133.0,2.8000000000000114
1893-03-01,136.0,3.0
1893-04-01,137.7,1.6999999999999886
1893-05-01,139.0,1.3000000000000114
1893-06-01,140.8,1.8000000000000114
1893-07-01,142.4,1.5999999999999943
1893-08-01,143.8,1.4000000000000057
1893-09-01,143.6,-0.20000000000001705
1893-10-01,142.3,-1.299999999999983
1893-11-01,142.9,0.5999999999999943
1893-12-01,144.7,1.799999999999983
1894-01-01,146.5,1.8000000000000114
1894-02-01,143.7,-2.8000000000000114
1894-03-01,138.7,-5.0
1894-04-01,137.6,-1.0999999999999943
1894-05-01,136.0,-1.5999999999999943
1894-06-01,132.4,-3.5999999999999943
1894-07-01,128.6,-3.8000000000000114
1894-08-01,126.0,-2.5999999999999943
1894-09-01,125.4,-0.5999999999999943
1894-10-01,125.7,0.29999999999999716
1894-11-01,123.0,-2.700000000000003
1894-12-01,118.8,-4.200000000000003
1895-01-01,112.8,-6.0
1895-02-01,108.7,-4.099999999999994
1895-03-01,108.0,-0.7000000000000028
1895-04-01,106.9,-1.0999999999999943
1895-05-01,105.8,-1.1000000000000085
1895-06-01,105.9,0.10000000000000853
1895-07-01,104.2,-1.7000000000000028
1895-08-01,101.2,-3.0
1895-09-01,99.9,-1.2999999999999972
1895-10-01,96.9,-3.0
1895-11-01,91.9,-5.0
1895-12-01,87.5,-4.400000000000006
1896-01-01,85.8,-1.7000000000000028
1896-02-01,82.7,-3.0999999999999943
1896-03-01,80.1,-2.6000000000000085
1896-04-01,77.6,-2.5
1896-05-01,74.2,-3.3999999999999915
1896-06-01,71.7,-2.5
1896-07-01,70.5,-1.2000000000000028
1896-08-01,69.4,-1.0999999999999943
1896-09-01,65.8,-3.6000000000000085
1896-10-01,63.4,-2.3999999999999986
1896-11-01,62.0,-1.3999999999999986
1896-12-01,58.8,-3.200000000000003
1897-01-01,55.0,-3.799999999999997
1897-02-01,53.4,-1.6000000000000014
1897-03-01,52.1,-1.2999999999999972
1897-04-01,50.2,-1.8999999999999986
1897-05-01,47.1,-3.1000000000000014
1897-06-01,44.4,-2.700000000000003
1897-07-01,43.1,-1.2999999999999972
1897-08-01,42.8,-0.30000000000000426
1897-09-01,44.0,1.2000000000000028
1897-10-01,43.5,-0.5
1897-11-01,42.7,-0.7999999999999972
1897-12-01,43.9,1.1999999999999957
1898-01-01,43.3,-0.6000000000000014
1898-02-01,42.7,-0.5999999999999943
1898-03-01,42.4,-0.30000000000000426
1898-04-01,42.9,0.5
1898-05-01,45.8,2.8999999999999986
1898-06-01,46.0,0.20000000000000284
1898-07-01,43.8,-2.200000000000003
1898-08-01,41.2,-2.5999999999999943
1898-09-01,37.9,-3.3000000000000043
1898-10-01,36.4,-1.5
1898-11-01,35.2,-1.1999999999999957
1898-12-01,33.8,-1.4000000000000057
1899-01-01,34.0,0.20000000000000284
1899-02-01,32.3,-1.7000000000000028
1899-03-01,28.5,-3.799999999999997
1899-04-01,25.2,-3.3000000000000007
1899-05-01,22.1,-3.099999999999998
1899-06-01,20.3,-1.8000000000000007
1899-07-01,19.5,-0.8000000000000007
1899-08-01,19.1,-0.3999999999999986
1899-09-01,18.8,-0.3000000000000007
1899-10-01,18.2,-0.6000000000000014
1899-11-01,18.9,0.6999999999999993
1899-12-01,18.8,-0.09999999999999787
1900-01-01,17.9,-0.9000000000000021
1900-02-01,17.6,-0.29999999999999716
1900-03-01,17.7,0.09999999999999787
1900-04-01,17.7,0.0
1900-05-01,17.5,-0.1999999999999993
1900-06-01,16.5,-1.0
1900-07-01,15.2,-1.3000000000000007
1900-08-01,13.7,-1.5
1900-09-01,12.7,-1.0
1900-10-01,11.3,-1.3999999999999986
1900-11-01,9.8,-1.5
1900-12-01,9.0,-0.8000000000000007
1901-01-01,8.1,-0.9000000000000004
1901-02-01,7.3,-0.7999999999999998
1901-03-01,6.5,-0.7999999999999998
1901-04-01,5.4,-1.0999999999999996
1901-05-01,4.7,-0.7000000000000002
1901-06-01,4.6,-0.10000000000000053
1901-07-01,5.0,0.40000000000000036
1901-08-01,5.2,0.20000000000000018
1901-09-01,5.5,0.2999999999999998
1901-10-01,6.1,0.5999999999999996
1901-11-01,5.6,-0.5
1901-12-01,4.8,-0.7999999999999998
1902-01-01,4.5,-0.2999999999999998
1902-02-01,4.6,0.09999999999999964
1902-03-01,5.2,0.6000000000000005
1902-04-01,6.5,1.2999999999999998
1902-05-01,7.8,1.2999999999999998
1902-06-01,8.4,0.6000000000000005
1902-07-01,8.6,0.1999999999999993
1902-08-01,10.0,1.4000000000000004
1902-09-01,11.3,1.3000000000000007
1902-10-01,13.1,1.799999999999999
1902-11-01,15.8,2.700000000000001
1902-12-01,17.6,1.8000000000000007
1903-01-01,20.5,2.8999999999999986
1903-02-01,24.2,3.6999999999999993
1903-03-01,26.3,2.1000000000000014
1903-04-01,28.1,1.8000000000000007
1903-05-01,32.1,4.0
1903-06-01,37.6,5.5
1903-07-01,42.3,4.699999999999996
1903-08-01,44.4,2.1000000000000014
1903-09-01,46.6,2.200000000000003
1903-10-01,49.4,2.799999999999997
1903-11-01,52.3,2.8999999999999986
1903-12-01,55.8,3.5
1904-01-01,59.1,3.3000000000000043
1904-02-01,62.7,3.6000000000000014
1904-03-01,66.1,3.3999999999999915
1904-04-01,68.5,2.4000000000000057
1904-05-01,69.1,0.5999999999999943
1904-06-01,69.3,0.20000000000000284
1904-07-01,71.5,2.200000000000003
1904-08-01,77.4,5.900000000000006
1904-09-01,83.0,5.599999999999994
1904-10-01,84.1,1.0999999999999943
1904-11-01,84.4,0.30000000000001137
1904-12-01,85.5,1.0999999999999943
1905-01-01,87.6,2.0999999999999943
1905-02-01,89.1,1.5
1905-03-01,90.9,1.8000000000000114
1905-04-01,94.4,3.5
1905-05-01,100.9,6.5
1905-06-01,105.7,4.799999999999997
1905-07-01,105.1,-0.6000000000000085
1905-08-01,100.7,-4.3999999999999915
1905-09-01,97.5,-3.200000000000003
1905-10-01,99.1,1.5999999999999943
1905-11-01,100.9,1.8000000000000114
1905-12-01,102.6,1.6999999999999886
1906-01-01,105.7,3.1000000000000085
1906-02-01,107.1,1.3999999999999915
1906-03-01,106.4,-0.6999999999999886
1906-04-01,102.2,-4.200000000000003
1906-05-01,93.2,-9.0
1906-06-01,89.1,-4.1000000000000085
1906-07-01,91.9,2.8000000000000114
1906-08-01,99.4,7.5
1906-09-01,104.5,5.099999999999994
1906-10-01,104.0,-0.5
1906-11-01,102.8,-1.2000000000000028
1906-12-01,100.2,-2.5999999999999943
1907-01-01,94.9,-5.299999999999997
1907-02-01,91.6,-3.3000000000000114
1907-03-01,94.0,2.4000000000000057
1907-04-01,99.4,5.400000000000006
1907-05-01,104.2,4.799999999999997
1907-06-01,104.6,0.3999999999999915
1907-07-01,100.8,-3.799999999999997
1907-08-01,93.1,-7.700000000000003
1907-09-01,85.7,-7.3999999999999915
1907-10-01,83.8,-1.9000000000000057
1907-11-01,84.0,0.20000000000000284
1907-12-01,84.4,0.4000000000000057
1908-01-01,84.3,-0.10000000000000853
1908-02-01,86.1,1.7999999999999972
1908-03-01,88.7,2.6000000000000085
1908-04-01,86.6,-2.1000000000000085
1908-05-01,83.1,-3.5
1908-06-01,81.5,-1.5999999999999943
1908-07-01,82.2,0.7000000000000028
1908-08-01,84.3,2.0999999999999943
1908-09-01,87.8,3.5
1908-10-01,88.6,0.7999999999999972
1908-11-01,86.5,-2.0999999999999943
1908-12-01,84.4,-2.0999999999999943
1909-01-01,82.4,-2.0
1909-02-01,77.4,-5.0
1909-03-01,69.4,-8.0
1909-04-01,67.9,-1.5
1909-05-01,70.4,2.5
1909-06-01,72.1,1.6999999999999886
1909-07-01,71.0,-1.0999999999999943
1909-08-01,67.9,-3.0999999999999943
1909-09-01,63.7,-4.200000000000003
1909-10-01,58.9,-4.800000000000004
1909-11-01,56.3,-2.6000000000000014
1909-12-01,54.6,-1.6999999999999957
1910-01-01,52.4,-2.200000000000003
1910-02-01,50.1,-2.299999999999997
1910-03-01,48.4,-1.7000000000000028
1910-04-01,46.2,-2.1999999999999957
1910-05-01,41.2,-5.0
1910-06-01,34.4,-6.800000000000004
1910-07-01,29.4,-5.0
1910-08-01,26.2,-3.1999999999999993
1910-09-01,23.7,-2.5
1910-10-01,23.3,-0.3999999999999986
1910-11-01,23.0,-0.3000000000000007
1910-12-01,21.4,-1.6000000000000014
1911-01-01,20.0,-1.3999999999999986
1911-02-01,18.7,-1.3000000000000007
1911-03-01,16.6,-2.099999999999998
1911-04-01,12.6,-4.000000000000002
1911-05-01,10.1,-2.5
1911-06-01,9.8,-0.29999999999999893
1911-07-01,9.3,-0.5
1911-08-01,8.5,-0.8000000000000007
1911-09-01,7.7,-0.7999999999999998
1911-10-01,6.6,-1.1000000000000005
1911-11-01,5.5,-1.0999999999999996
1911-12-01,5.3,-0.20000000000000018
1912-01-01,5.4,0.10000000000000053
1912-02-01,5.1,-0.3000000000000007
1912-03-01,5.2,0.10000000000000053
1912-04-01,5.7,0.5
1912-05-01,5.6,-0.10000000000000053
1912-06-01,5.7,0.10000000000000053
1912-07-01,6.1,0.39999999999999947
1912-08-01,6.5,0.40000000000000036
1912-09-01,6.4,-0.09999999999999964
1912-10-01,5.8,-0.6000000000000005
1912-11-01,5.2,-0.5999999999999996
1912-12-01,4.7,-0.5
1913-01-01,4.3,-0.40000000000000036
1913-02-01,4.2,-0.09999999999999964
1913-03-01,3.6,-0.6000000000000001
1913-04-01,2.9,-0.7000000000000002
1913-05-01,2.8,-0.10000000000000009
1913-06-01,2.6,-0.19999999999999973
1913-07-01,2.5,-0.10000000000000009
1913-08-01,2.5,0.0
1913-09-01,2.6,0.10000000000000009
1913-10-01,4.0,1.4
1913-11-01,5.5,1.5
1913-12-01,6.6,1.0999999999999996
1914-01-01,7.7,1.1000000000000005
1914-02-01,8.5,0.7999999999999998
1914-03-01,9.8,1.3000000000000007
1914-04-01,10.9,1.0999999999999996
1914-05-01,12.4,1.5
1914-06-01,14.8,2.4000000000000004
1914-07-01,17.5,2.6999999999999993
1914-08-01,21.6,4.100000000000001
1914-09-01,26.8,5.199999999999999
1914-10-01,31.0,4.199999999999999
1914-11-01,34.6,3.6000000000000014
1914-12-01,40.5,5.899999999999999
1915-01-01,49.1,8.600000000000001
1915-02-01,58.0,8.899999999999999
1915-03-01,64.8,6.799999999999997
1915-04-01,70.5,5.700000000000003
1915-05-01,75.5,5.0
1915-06-01,78.1,2.5999999999999943
1915-07-01,80.5,2.4000000000000057
1915-08-01,83.0,2.5
1915-09-01,85.8,2.799999999999997
1915-10-01,89.9,4.1000000000000085
1915-11-01,94.9,5.0
1915-12-01,97.7,2.799999999999997
1916-01-01,96.4,-1.2999999999999972
1916-02-01,92.7,-3.700000000000003
1916-03-01,90.0,-2.700000000000003
1916-04-01,89.5,-0.5
1916-05-01,91.0,1.5
1916-06-01,93.9,2.9000000000000057
1916-07-01,97.2,3.299999999999997
1916-08-01,100.4,3.200000000000003
1916-09-01,103.4,3.0
1916-10-01,105.6,2.1999999999999886
1916-11-01,108.5,2.9000000000000057
1916-12-01,114.6,6.099999999999994
1917-01-01,122.4,7.800000000000011
1917-02-01,135.3,12.900000000000006
1917-03-01,149.5,14.199999999999989
1917-04-01,156.8,7.300000000000011
1917-05-01,160.4,3.5999999999999943
1917-06-01,167.9,7.5
1917-07-01,174.7,6.799999999999983
1917-08-01,175.7,1.0
1917-09-01,173.6,-2.0999999999999943
1917-10-01,172.5,-1.0999999999999943
1917-11-01,170.3,-2.1999999999999886
1917-12-01,163.8,-6.5
1918-01-01,159.1,-4.700000000000017
1918-02-01,154.6,-4.5
1918-03-01,147.5,-7.099999999999994
1918-04-01,145.0,-2.5
1918-05-01,145.0,0.0
1918-06-01,139.2,-5.800000000000011
1918-07-01,131.0,-8.199999999999989
1918-08-01,128.6,-2.4000000000000057
1918-09-01,129.2,0.5999999999999943
1918-10-01,126.9,-2.299999999999983
1918-11-01,125.7,-1.2000000000000028
1918-12-01,130.0,4.299999999999997
1919-01-01,130.6,0.5999999999999943
1919-02-01,125.4,-5.199999999999989
1919-03-01,121.4,-4.0
1919-04-01,117.4,-4.0
1919-05-01,112.3,-5.1000000000000085
1919-06-01,107.7,-4.599999999999994
1919-07-01,106.2,-1.5
1919-08-01,104.6,-1.6000000000000085
1919-09-01,103.1,-1.5
1919-10-01,100.8,-2.299999999999997
1919-11-01,94.4,-6.3999999999999915
1919-12-01,85.6,-8.800000000000011
1920-01-01,78.0,-7.599999999999994
1920-02-01,71.9,-6.099999999999994
1920-03-01,67.2,-4.700000000000003
1920-04-01,65.7,-1.5
1920-05-01,64.4,-1.2999999999999972
1920-06-01,63.1,-1.3000000000000043
1920-07-01,61.3,-1.8000000000000043
1920-08-01,58.2,-3.0999999999999943
1920-09-01,53.4,-4.800000000000004
1920-10-01,51.6,-1.7999999999999972
1920-11-01,52.1,0.5
1920-12-01,51.0,-1.1000000000000014
1921-01-01,51.6,0.6000000000000014
1921-02-01,52.9,1.2999999999999972
1921-03-01,51.8,-1.1000000000000014
1921-04-01,48.3,-3.5
1921-05-01,45.5,-2.799999999999997
1921-06-01,44.2,-1.2999999999999972
1921-07-01,42.2,-2.0
1921-08-01,40.7,-1.5
1921-09-01,42.5,1.7999999999999972
1921-10-01,42.9,0.3999999999999986
1921-11-01,40.5,-2.3999999999999986
1921-12-01,37.6,-2.8999999999999986
1922-01-01,33.5,-4.100000000000001
1922-02-01,30.2,-3.3000000000000007
1922-03-01,28.2,-2.0
1922-04-01,26.4,-1.8000000000000007
1922-05-01,24.9,-1.5
1922-06-01,24.0,-0.8999999999999986
1922-07-01,23.2,-0.8000000000000007
1922-08-01,21.0,-2.1999999999999993
1922-09-01,15.7,-5.300000000000001
1922-10-01,11.8,-3.8999999999999986
1922-11-01,11.1,-0.7000000000000011
1922-12-01,11.0,-0.09999999999999964
1923-01-01,10.7,-0.3000000000000007
1923-02-01,9.8,-0.8999999999999986
1923-03-01,10.0,0.1999999999999993
1923-04-01,10.9,0.9000000000000004
1923-05-01,11.5,0.5999999999999996
1923-06-01,10.7,-0.8000000000000007
1923-07-01,9.4,-1.299999999999999
1923-08-01,9.4,0.0
1923-09-01,9.5,0.09999999999999964
1923-10-01,9.8,0.3000000000000007
1923-11-01,11.3,1.5
1923-12-01,13.6,2.299999999999999
1924-01-01,16.3,2.700000000000001
1924-02-01,19.3,3.0
1924-03-01,21.5,2.1999999999999993
1924-04-01,23.3,1.8000000000000007
1924-05-01,25.1,1.8000000000000007
1924-06-01,26.9,1.7999999999999972
1924-07-01,28.2,1.3000000000000007
1924-08-01,29.8,1.6000000000000014
1924-09-01,32.2,2.400000000000002
1924-10-01,34.7,2.5
1924-11-01,37.7,3.0
1924-12-01,40.8,3.0999999999999943
1925-01-01,43.2,2.4000000000000057
1925-02-01,45.2,2.0
1925-03-01,48.9,3.6999999999999957
1925-04-01,54.4,5.5
1925-05-01,59.9,5.5
1925-06-01,68.2,8.300000000000004
1925-07-01,78.5,10.299999999999997
1925-08-01,86.3,7.799999999999997
1925-09-01,92.6,6.299999999999997
1925-10-01,96.2,3.6000000000000085
1925-11-01,98.2,2.0
1925-12-01,101.4,3.200000000000003
1926-01-01,104.2,2.799999999999997
1926-02-01,106.8,2.5999999999999943
1926-03-01,108.5,1.7000000000000028
1926-04-01,108.7,0.20000000000000284
1926-05-01,109.0,0.29999999999999716
1926-06-01,107.8,-1.2000000000000028
1926-07-01,107.2,-0.5999999999999943
1926-08-01,109.4,2.200000000000003
1926-09-01,111.6,2.1999999999999886
1926-10-01,115.9,4.300000000000011
1926-11-01,120.7,4.799999999999997
1926-12-01,120.8,0.09999999999999432
1927-01-01,120.0,-0.7999999999999972
1927-02-01,119.6,-0.4000000000000057
1927-03-01,119.6,0.0
1927-04-01,119.5,-0.09999999999999432
1927-05-01,119.4,-0.09999999999999432
1927-06-01,117.5,-1.9000000000000057
1927-07-01,115.2,-2.299999999999997
1927-08-01,114.0,-1.2000000000000028
1927-09-01,113.7,-0.29999999999999716
1927-10-01,113.9,0.20000000000000284
1927-11-01,112.9,-1.0
1927-12-01,115.0,2.0999999999999943
1928-01-01,120.2,5.200000000000003
1928-02-01,125.3,5.099999999999994
1928-03-01,128.9,3.6000000000000085
1928-04-01,130.2,1.299999999999983
1928-05-01,128.9,-1.299999999999983
1928-06-01,128.7,-0.20000000000001705
1928-07-01,128.7,0.0
1928-08-01,126.9,-1.799999999999983
1928-09-01,123.7,-3.200000000000003
1928-10-01,119.4,-4.299999999999997
1928-11-01,116.1,-3.3000000000000114
1928-12-01,113.5,-2.5999999999999943
1929-01-01,110.2,-3.299999999999997
1929-02-01,107.0,-3.200000000000003
1929-03-01,101.9,-5.099999999999994
1929-04-01,97.5,-4.400000000000006
1929-05-01,99.2,1.7000000000000028
1929-06-01,104.7,5.5
1929-07-01,107.9,3.200000000000003
1929-08-01,106.7,-1.2000000000000028
1929-09-01,104.7,-2.0
1929-10-01,102.7,-2.0
1929-11-01,100.2,-2.5
1929-12-01,95.7,-4.5
1930-01-01,89.3,-6.400000000000006
1930-02-01,83.2,-6.099999999999994
1930-03-01,80.2,-3.0
1930-04-01,78.6,-1.6000000000000085
1930-05-01,74.1,-4.5
1930-06-01,65.2,-8.899999999999991
1930-07-01,56.0,-9.200000000000003
1930-08-01,52.0,-4.0
1930-09-01,51.2,-0.7999999999999972
1930-10-01,50.4,-0.8000000000000043
1930-11-01,49.0,-1.3999999999999986
1930-12-01,47.2,-1.7999999999999972
1931-01-01,46.0,-1.2000000000000028
1931-02-01,44.9,-1.1000000000000014
1931-03-01,43.1,-1.7999999999999972
1931-04-01,40.5,-2.6000000000000014
1931-05-01,37.7,-2.799999999999997
1931-06-01,35.9,-1.8000000000000043
1931-07-01,35.2,-0.6999999999999957
1931-08-01,32.8,-2.4000000000000057
1931-09-01,29.2,-3.599999999999998
1931-10-01,26.5,-2.6999999999999993
1931-11-01,24.6,-1.8999999999999986
1931-12-01,24.7,0.09999999999999787
1932-01-01,24.6,-0.09999999999999787
1932-02-01,23.6,-1.0
1932-03-01,22.1,-1.5
1932-04-01,21.0,-1.1000000000000014
1932-05-01,20.2,-0.8000000000000007
1932-06-01,19.0,-1.1999999999999993
1932-07-01,18.6,-0.3999999999999986
1932-08-01,19.4,0.7999999999999972
1932-09-01,20.1,0.7000000000000028
1932-10-01,19.5,-0.6000000000000014
1932-11-01,17.9,-1.6000000000000014
1932-12-01,15.7,-2.1999999999999993
1933-01-01,14.0,-1.6999999999999993
1933-02-01,13.1,-0.9000000000000004
1933-03-01,12.7,-0.40000000000000036
1933-04-01,12.4,-0.29999999999999893
1933-05-01,11.5,-0.9000000000000004
1933-06-01,10.2,-1.3000000000000007
1933-07-01,8.8,-1.3999999999999986
1933-08-01,7.2,-1.6000000000000005
1933-09-01,5.8,-1.4000000000000004
1933-10-01,6.0,0.20000000000000018
1933-11-01,7.7,1.7000000000000002
1933-12-01,9.0,1.2999999999999998
1934-01-01,9.5,0.5
1934-02-01,10.5,1.0
1934-03-01,11.0,0.5
1934-04-01,11.1,0.09999999999999964
1934-05-01,11.9,0.8000000000000007
1934-06-01,13.5,1.5999999999999996
1934-07-01,15.6,2.0999999999999996
1934-08-01,17.5,1.9000000000000004
1934-09-01,19.7,2.1999999999999993
1934-10-01,21.1,1.4000000000000021
1934-11-01,21.7,0.5999999999999979
1934-12-01,24.9,3.1999999999999993
1935-01-01,29.3,4.400000000000002
1935-02-01,32.6,3.3000000000000007
1935-03-01,36.7,4.100000000000001
1935-04-01,42.7,6.0
1935-05-01,49.8,7.099999999999994
1935-06-01,56.9,7.100000000000001
1935-07-01,63.1,6.200000000000003
1935-08-01,69.9,6.800000000000004
1935-09-01,77.4,7.5
1935-10-01,85.5,8.099999999999994
1935-11-01,91.8,6.299999999999997
1935-12-01,95.3,3.5
1936-01-01,98.3,3.0
1936-02-01,103.5,5.200000000000003
1936-03-01,109.8,6.299999999999997
1936-04-01,114.7,4.900000000000006
1936-05-01,120.7,6.0
1936-06-01,128.6,7.8999999999999915
1936-07-01,137.7,9.099999999999994
1936-08-01,146.3,8.600000000000023
1936-09-01,150.5,4.199999999999989
1936-10-01,153.4,2.9000000000000057
1936-11-01,160.1,6.699999999999989
1936-12-01,168.6,8.5
1937-01-01,179.2,10.599999999999994
1937-02-01,189.2,10.0
1937-03-01,194.4,5.200000000000017
1937-04-01,198.6,4.199999999999989
1937-05-01,198.3,-0.29999999999998295
1937-06-01,193.0,-5.300000000000011
1937-07-01,188.3,-4.699999999999989
1937-08-01,185.2,-3.1000000000000227
1937-09-01,184.8,-0.39999999999997726
1937-10-01,184.4,-0.4000000000000057
1937-11-01,184.6,0.19999999999998863
1937-12-01,183.0,-1.5999999999999943
1938-01-01,182.2,-0.8000000000000114
1938-02-01,182.1,-0.09999999999999432
1938-03-01,179.8,-2.299999999999983
1938-04-01,177.2,-2.6000000000000227
1938-05-01,178.7,1.5
1938-06-01,182.3,3.6000000000000227
1938-07-01,181.4,-0.9000000000000057
1938-08-01,177.2,-4.200000000000017
1938-09-01,172.8,-4.399999999999977
1938-10-01,171.8,-1.0
1938-11-01,171.8,0.0
1938-12-01,171.4,-0.4000000000000057
1939-01-01,166.9,-4.5
1939-02-01,161.5,-5.400000000000006
1939-03-01,162.4,0.9000000000000057
1939-04-01,163.3,0.9000000000000057
1939-05-01,158.8,-4.5
1939-06-01,151.5,-7.300000000000011
1939-07-01,145.9,-5.599999999999994
1939-08-01,142.6,-3.3000000000000114
1939-09-01,142.6,0.0
1939-10-01,140.6,-2.0
1939-11-01,132.7,-7.900000000000006
1939-12-01,127.1,-5.599999999999994
1940-01-01,123.8,-3.299999999999997
1940-02-01,121.7,-2.0999999999999943
1940-03-01,118.5,-3.200000000000003
1940-04-01,113.0,-5.5
1940-05-01,110.0,-3.0
1940-06-01,111.1,1.0999999999999943
1940-07-01,112.6,1.5
1940-08-01,111.3,-1.2999999999999972
1940-09-01,107.7,-3.5999999999999943
1940-10-01,103.2,-4.5
1940-11-01,99.5,-3.700000000000003
1940-12-01,96.1,-3.4000000000000057
1941-01-01,94.4,-1.6999999999999886
1941-02-01,91.2,-3.200000000000003
1941-03-01,88.0,-3.200000000000003
1941-04-01,87.3,-0.7000000000000028
1941-05-01,85.3,-2.0
1941-06-01,81.6,-3.700000000000003
1941-07-01,78.5,-3.0999999999999943
1941-08-01,78.3,-0.20000000000000284
1941-09-01,79.4,1.1000000000000085
1941-10-01,81.9,2.5
1941-11-01,83.6,1.6999999999999886
1941-12-01,79.9,-3.6999999999999886
1942-01-01,73.1,-6.800000000000011
1942-02-01,67.0,-6.099999999999994
1942-03-01,60.8,-6.200000000000003
1942-04-01,55.5,-5.299999999999997
1942-05-01,53.1,-2.3999999999999986
1942-06-01,51.8,-1.3000000000000043
1942-07-01,49.4,-2.3999999999999986
1942-08-01,46.2,-3.1999999999999957
1942-09-01,42.6,-3.6000000000000014
1942-10-01,38.4,-4.200000000000003
1942-11-01,35.2,-3.1999999999999957
1942-12-01,34.2,-1.0
1943-01-01,33.6,-0.6000000000000014
1943-02-01,33.2,-0.3999999999999986
1943-03-01,32.7,-0.5
1943-04-01,31.4,-1.3000000000000043
1943-05-01,29.2,-2.1999999999999993
1943-06-01,27.5,-1.6999999999999993
1943-07-01,26.6,-0.8999999999999986
1943-08-01,24.0,-2.6000000000000014
1943-09-01,20.9,-3.1000000000000014
1943-10-01,18.0,-2.8999999999999986
1943-11-01,15.4,-2.5999999999999996
1943-12-01,14.4,-1.0
1944-01-01,13.6,-0.8000000000000007
1944-02-01,12.9,-0.6999999999999993
1944-03-01,13.0,0.09999999999999964
1944-04-01,13.9,0.9000000000000004
1944-05-01,14.6,0.6999999999999993
1944-06-01,15.3,0.7000000000000011
1944-07-01,17.0,1.6999999999999993
1944-08-01,18.9,1.8999999999999986
1944-09-01,20.4,1.5
1944-10-01,23.4,3.0
1944-11-01,27.5,4.100000000000001
1944-12-01,31.7,4.199999999999999
1945-01-01,36.4,4.699999999999999
1945-02-01,39.7,3.3000000000000043
1945-03-01,41.7,2.0
1945-04-01,46.8,5.099999999999994
1945-05-01,52.8,6.0
1945-06-01,55.2,2.4000000000000057
1945-07-01,57.1,1.8999999999999986
1945-08-01,64.3,7.199999999999996
1945-09-01,73.2,8.900000000000006
1945-10-01,80.1,6.8999999999999915
1945-11-01,86.9,6.800000000000011
1945-12-01,93.2,6.299999999999997
1946-01-01,101.0,7.799999999999997
1946-02-01,111.7,10.700000000000003
1946-03-01,121.5,9.799999999999997
1946-04-01,128.0,6.5
1946-05-01,135.7,7.699999999999989
1946-06-01,147.7,12.0
1946-07-01,157.7,10.0
1946-08-01,163.1,5.400000000000006
1946-09-01,167.3,4.200000000000017
1946-10-01,173.3,6.0
1946-11-01,182.8,9.5
1946-12-01,193.4,10.599999999999994
1947-01-01,199.2,5.799999999999983
1947-02-01,204.1,4.900000000000006
1947-03-01,211.2,7.099999999999994
1947-04-01,217.2,6.0
1947-05-01,218.7,1.5
1947-06-01,216.1,-2.5999999999999943
1947-07-01,214.1,-2.0
1947-08-01,210.9,-3.1999999999999886
1947-09-01,206.0,-4.900000000000006
1947-10-01,206.3,0.30000000000001137
1947-11-01,207.1,0.799999999999983
1947-12-01,205.7,-1.4000000000000057
1948-01-01,205.0,-0.6999999999999886
1948-02-01,202.3,-2.6999999999999886
1948-03-01,198.9,-3.4000000000000057
1948-04-01,195.7,-3.200000000000017
1948-05-01,192.2,-3.5
1948-06-01,191.6,-0.5999999999999943
1948-07-01,193.5,1.9000000000000057
1948-08-01,199.8,6.300000000000011
1948-09-01,209.1,9.299999999999983
1948-10-01,210.3,1.200000000000017
1948-11-01,203.8,-6.5
1948-12-01,197.1,-6.700000000000017
1949-01-01,193.4,-3.6999999999999886
1949-02-01,190.4,-3.0
1949-03-01,188.5,-1.9000000000000057
1949-04-01,188.4,-0.09999999999999432
1949-05-01,190.9,2.5
1949-06-01,192.5,1.5999999999999943
1949-07-01,190.3,-2.1999999999999886
1949-08-01,184.1,-6.200000000000017
1949-09-01,176.1,-8.0
1949-10-01,171.4,-4.699999999999989
1949-11-01,169.4,-2.0
1949-12-01,167.1,-2.3000000000000114
1950-01-01,162.8,-4.299999999999983
1950-02-01,158.5,-4.300000000000011
1950-03-01,150.7,-7.800000000000011
1950-04-01,141.0,-9.699999999999989
1950-05-01,131.6,-9.400000000000006
1950-06-01,122.6,-9.0
1950-07-01,116.4,-6.199999999999989
1950-08-01,111.9,-4.5
1950-09-01,106.7,-5.200000000000003
1950-10-01,102.3,-4.400000000000006
1950-11-01,101.2,-1.0999999999999943
1950-12-01,102.4,1.2000000000000028
1951-01-01,101.6,-0.8000000000000114
1951-02-01,98.5,-3.0999999999999943
1951-03-01,98.9,0.4000000000000057
1951-04-01,100.2,1.2999999999999972
1951-05-01,99.5,-0.7000000000000028
1951-06-01,98.9,-0.5999999999999943
1951-07-01,97.3,-1.6000000000000085
1951-08-01,94.0,-3.299999999999997
1951-09-01,89.8,-4.200000000000003
1951-10-01,84.0,-5.799999999999997
1951-11-01,75.3,-8.700000000000003
1951-12-01,66.5,-8.799999999999997
1952-01-01,61.5,-5.0
1952-02-01,59.8,-1.7000000000000028
1952-03-01,56.2,-3.5999999999999943
1952-04-01,51.4,-4.800000000000004
1952-05-01,48.0,-3.3999999999999986
1952-06-01,45.5,-2.5
1952-07-01,44.0,-1.5
1952-08-01,42.1,-1.8999999999999986
1952-09-01,40.3,-1.8000000000000043
1952-10-01,39.5,-0.7999999999999972
1952-11-01,38.8,-0.7000000000000028
1952-12-01,37.3,-1.5
1953-01-01,34.6,-2.6999999999999957
1953-02-01,31.0,-3.6000000000000014
1953-03-01,28.6,-2.3999999999999986
1953-04-01,27.2,-1.4000000000000021
1953-05-01,25.0,-2.1999999999999993
1953-06-01,22.0,-3.0
1953-07-01,18.5,-3.5
1953-08-01,16.7,-1.8000000000000007
1953-09-01,16.6,-0.09999999999999787
1953-10-01,15.1,-1.5000000000000018
1953-11-01,12.8,-2.299999999999999
1953-12-01,10.8,-2.0
1954-01-01,9.3,-1.5
1954-02-01,8.2,-1.1000000000000014
1954-03-01,6.3,-1.8999999999999995
1954-04-01,5.1,-1.2000000000000002
1954-05-01,5.5,0.40000000000000036
1954-06-01,6.3,0.7999999999999998
1954-07-01,7.9,1.6000000000000005
1954-08-01,10.5,2.5999999999999996
1954-09-01,11.4,0.9000000000000004
1954-10-01,11.6,0.1999999999999993
1954-11-01,13.8,2.200000000000001
1954-12-01,17.4,3.599999999999998
1955-01-01,20.5,3.1000000000000014
1955-02-01,23.7,3.1999999999999993
1955-03-01,28.0,4.300000000000001
1955-04-01,33.5,5.5
1955-05-01,41.2,7.700000000000003
1955-06-01,50.0,8.799999999999997
1955-07-01,57.0,7.0
1955-08-01,66.0,9.0
1955-09-01,78.8,12.799999999999997
1955-10-01,91.3,12.5
1955-11-01,103.5,12.200000000000003
1955-12-01,114.8,11.299999999999997
1956-01-01,125.8,11.0
1956-02-01,139.4,13.600000000000009
1956-03-01,154.7,15.299999999999983
1956-04-01,168.1,13.400000000000006
1956-05-01,180.4,12.300000000000011
1956-06-01,193.9,13.5
1956-07-01,206.1,12.199999999999989
1956-08-01,211.8,5.700000000000017
1956-09-01,214.5,2.6999999999999886
1956-10-01,220.6,6.099999999999994
1956-11-01,226.0,5.400000000000006
1956-12-01,232.7,6.699999999999989
1957-01-01,241.1,8.400000000000006
1957-02-01,243.8,2.700000000000017
1957-03-01,246.8,3.0
1957-04-01,256.3,9.5
1957-05-01,262.7,6.399999999999977
1957-06-01,266.1,3.400000000000034
1957-07-01,271.1,5.0
1957-08-01,275.3,4.199999999999989
1957-09-01,279.3,4.0
1957-10-01,282.5,3.1999999999999886
1957-11-01,284.4,1.8999999999999773
1957-12-01,283.3,-1.099999999999966
1958-01-01,281.8,-1.5
1958-02-01,284.5,2.6999999999999886
1958-03-01,285.0,0.5
1958-04-01,278.7,-6.300000000000011
1958-05-01,271.0,-7.699999999999989
1958-06-01,264.5,-6.5
1958-07-01,262.3,-2.1999999999999886
1958-08-01,261.9,-0.4000000000000341
1958-09-01,260.3,-1.599999999999966
1958-10-01,258.1,-2.1999999999999886
1958-11-01,255.9,-2.200000000000017
1958-12-01,255.6,-0.30000000000001137
1959-01-01,252.9,-2.6999999999999886
1959-02-01,250.4,-2.5
1959-03-01,247.1,-3.3000000000000114
1959-04-01,239.7,-7.400000000000006
1959-05-01,233.9,-5.799999999999983
1959-06-01,228.5,-5.400000000000006
1959-07-01,220.6,-7.900000000000006
1959-08-01,214.2,-6.400000000000006
1959-09-01,207.1,-7.099999999999994
1959-10-01,199.7,-7.400000000000006
1959-11-01,194.2,-5.5
1959-12-01,187.6,-6.599999999999994
1960-01-01,182.5,-5.099999999999994
1960-02-01,177.0,-5.5
1960-03-01,172.1,-4.900000000000006
1960-04-01,169.4,-2.6999999999999886
1960-05-01,165.7,-3.700000000000017
1960-06-01,161.3,-4.399999999999977
1960-07-01,153.8,-7.5
1960-08-01,145.0,-8.800000000000011
1960-09-01,138.6,-6.400000000000006
1960-10-01,132.1,-6.5
1960-11-01,124.5,-7.599999999999994
1960-12-01,118.5,-6.0
1961-01-01,113.6,-4.900000000000006
1961-02-01,105.9,-7.699999999999989
1961-03-01,97.5,-8.400000000000006
1961-04-01,91.1,-6.400000000000006
1961-05-01,85.1,-6.0
1961-06-01,79.1,-6.0
1961-07-01,75.3,-3.799999999999997
1961-08-01,74.4,-0.8999999999999915
1961-09-01,74.3,-0.10000000000000853
1961-10-01,73.0,-1.2999999999999972
1961-11-01,71.7,-1.2999999999999972
1961-12-01,69.1,-2.6000000000000085
1962-01-01,64.2,-4.8999999999999915
1962-02-01,59.4,-4.800000000000004
1962-03-01,56.7,-2.6999999999999957
1962-04-01,56.1,-0.6000000000000014
1962-05-01,55.9,-0.20000000000000284
1962-06-01,54.6,-1.2999999999999972
1962-07-01,52.5,-2.1000000000000014
1962-08-01,49.8,-2.700000000000003
1962-09-01,46.7,-3.0999999999999943
1962-10-01,44.0,-2.700000000000003
1962-11-01,42.9,-1.1000000000000014
1962-12-01,42.6,-0.29999999999999716
1963-01-01,42.1,-0.5
1963-02-01,42.6,0.5
1963-03-01,42.6,0.0
1963-04-01,41.6,-1.0
1963-05-01,41.1,-0.5
1963-06-01,40.4,-0.7000000000000028
1963-07-01,39.7,-0.6999999999999957
1963-08-01,39.0,-0.7000000000000028
1963-09-01,38.6,-0.3999999999999986
1963-10-01,37.4,-1.2000000000000028
1963-11-01,34.2,-3.1999999999999957
1963-12-01,30.7,-3.5000000000000036
1964-01-01,28.1,-2.599999999999998
1964-02-01,25.7,-2.400000000000002
1964-03-01,22.3,-3.3999999999999986
1964-04-01,18.6,-3.6999999999999993
1964-05-01,16.0,-2.6000000000000014
1964-06-01,15.0,-1.0
1964-07-01,15.2,0.1999999999999993
1964-08-01,15.1,-0.09999999999999964
1964-09-01,14.6,-0.5
1964-10-01,14.3,-0.29999999999999893
1964-11-01,15.0,0.6999999999999993
1964-12-01,16.2,1.1999999999999993
1965-01-01,17.2,1.0
1965-02-01,17.7,0.5
1965-03-01,18.4,0.6999999999999993
1965-04-01,19.9,1.5
1965-05-01,21.2,1.3000000000000007
1965-06-01,21.8,0.6000000000000014
1965-07-01,22.6,0.8000000000000007
1965-08-01,23.8,1.1999999999999993
1965-09-01,25.2,1.3999999999999986
1965-10-01,28.4,3.1999999999999993
1965-11-01,32.1,3.700000000000003
1965-12-01,35.2,3.1000000000000014
1966-01-01,39.7,4.5
1966-02-01,44.8,5.099999999999994
1966-03-01,49.2,4.400000000000006
1966-04-01,53.3,4.099999999999994
1966-05-01,57.9,4.600000000000001
1966-06-01,63.4,5.5
1966-07-01,71.4,8.000000000000007
1966-08-01,80.3,8.899999999999991
1966-09-01,89.5,9.200000000000003
1966-10-01,95.8,6.299999999999997
1966-11-01,99.4,3.6000000000000085
1966-12-01,103.0,3.5999999999999943
1967-01-01,106.2,3.200000000000003
1967-02-01,111.6,5.3999999999999915
1967-03-01,116.5,4.900000000000006
1967-04-01,119.8,3.299999999999997
1967-05-01,123.9,4.1000000000000085
1967-06-01,129.4,5.5
1967-07-01,133.3,3.9000000000000057
1967-08-01,135.0,1.6999999999999886
1967-09-01,134.9,-0.09999999999999432
1967-10-01,134.5,-0.4000000000000057
1967-11-01,137.6,3.0999999999999943
1967-12-01,142.5,4.900000000000006
1968-01-01,145.3,2.8000000000000114
1968-02-01,145.7,0.39999999999997726
1968-03-01,148.2,2.5
1968-04-01,151.8,3.6000000000000227
1968-05-01,152.4,0.5999999999999943
1968-06-01,150.9,-1.5
1968-07-01,148.9,-2.0
1968-08-01,148.4,-0.5
1968-09-01,151.5,3.0999999999999943
1968-10-01,155.5,4.0
1968-11-01,156.6,1.0999999999999943
1968-12-01,156.0,-0.5999999999999943
1969-01-01,155.7,-0.30000000000001137
1969-02-01,155.1,-0.5999999999999943
1969-03-01,152.9,-2.1999999999999886
1969-04-01,150.7,-2.200000000000017
1969-05-01,150.4,-0.29999999999998295
1969-06-01,150.1,-0.30000000000001137
1969-07-01,149.9,-0.19999999999998863
1969-08-01,150.7,0.799999999999983
1969-09-01,149.2,-1.5
1969-10-01,147.4,-1.799999999999983
1969-11-01,148.0,0.5999999999999943
1969-12-01,148.5,0.5
1970-01-01,149.5,1.0
1970-02-01,150.1,0.5999999999999943
1970-03-01,150.3,0.20000000000001705
1970-04-01,150.3,0.0
1970-05-01,149.8,-0.5
1970-06-01,149.1,-0.700000000000017
1970-07-01,147.0,-2.0999999999999943
1970-08-01,143.0,-4.0
1970-09-01,137.6,-5.400000000000006
1970-10-01,132.9,-4.699999999999989
1970-11-01,126.5,-6.400000000000006
1970-12-01,119.0,-7.5
1971-01-01,113.8,-5.200000000000003
1971-02-01,110.1,-3.700000000000003
1971-03-01,105.3,-4.799999999999997
1971-04-01,100.4,-4.8999999999999915
1971-05-01,96.5,-3.9000000000000057
1971-06-01,94.5,-2.0
1971-07-01,92.7,-1.7999999999999972
1971-08-01,91.5,-1.2000000000000028
1971-09-01,93.2,1.7000000000000028
1971-10-01,93.8,0.5999999999999943
1971-11-01,94.7,0.9000000000000057
1971-12-01,98.3,3.5999999999999943
1972-01-01,100.3,2.0
1972-02-01,100.9,0.6000000000000085
1972-03-01,102.6,1.6999999999999886
1972-04-01,104.0,1.4000000000000057
1972-05-01,103.3,-0.7000000000000028
1972-06-01,99.9,-3.3999999999999915
1972-07-01,96.6,-3.3000000000000114
1972-08-01,92.9,-3.6999999999999886
1972-09-01,88.2,-4.700000000000003
1972-10-01,85.9,-2.299999999999997
1972-11-01,83.3,-2.6000000000000085
1972-12-01,78.2,-5.099999999999994
1973-01-01,72.3,-5.900000000000006
1973-02-01,66.1,-6.200000000000003
1973-03-01,62.8,-3.299999999999997
1973-04-01,60.8,-2.0
1973-05-01,57.9,-2.8999999999999986
1973-06-01,55.6,-2.299999999999997
1973-07-01,53.4,-2.200000000000003
1973-08-01,51.4,-2.0
1973-09-01,49.0,-2.3999999999999986
1973-10-01,46.6,-2.3999999999999986
1973-11-01,45.4,-1.2000000000000028
1973-12-01,45.0,-0.3999999999999986
1974-01-01,46.8,1.7999999999999972
1974-02-01,49.1,2.3000000000000043
1974-03-01,48.5,-0.6000000000000014
1974-04-01,48.3,-0.20000000000000284
1974-05-01,49.4,1.1000000000000014
1974-06-01,49.3,-0.10000000000000142
1974-07-01,48.6,-0.6999999999999957
1974-08-01,47.3,-1.3000000000000043
1974-09-01,45.8,-1.5
1974-10-01,43.2,-2.5999999999999943
1974-11-01,39.3,-3.9000000000000057
1974-12-01,36.1,-3.1999999999999957
1975-01-01,33.0,-3.1000000000000014
1975-02-01,31.8,-1.1999999999999993
1975-03-01,30.6,-1.1999999999999993
1975-04-01,26.8,-3.8000000000000007
1975-05-01,24.2,-2.6000000000000014
1975-06-01,23.2,-1.0
1975-07-01,21.8,-1.3999999999999986
1975-08-01,20.7,-1.1000000000000014
1975-09-01,20.9,0.1999999999999993
1975-10-01,22.3,1.4000000000000021
1975-11-01,23.3,1.0
1975-12-01,23.6,0.3000000000000007
1976-01-01,22.1,-1.5
1976-02-01,19.2,-2.900000000000002
1976-03-01,17.8,-1.3999999999999986
1976-04-01,18.4,0.5999999999999979
1976-05-01,18.3,-0.09999999999999787
1976-06-01,17.9,-0.40000000000000213
1976-07-01,18.8,0.9000000000000021
1976-08-01,20.5,1.6999999999999993
1976-09-01,20.8,0.3000000000000007
1976-10-01,19.7,-1.1000000000000014
1976-11-01,19.7,0.0
1976-12-01,21.6,1.9000000000000021
1977-01-01,24.3,2.6999999999999993
1977-02-01,26.3,2.0
1977-03-01,28.8,2.5
1977-04-01,31.9,3.099999999999998
1977-05-01,34.7,2.8000000000000043
1977-06-01,37.7,3.0
1977-07-01,41.4,3.6999999999999957
1977-08-01,47.6,6.200000000000003
1977-09-01,55.8,8.199999999999996
1977-10-01,64.8,9.0
1977-11-01,73.7,8.900000000000006
1977-12-01,80.7,7.0
1978-01-01,86.9,6.200000000000003
1978-02-01,91.5,4.599999999999994
1978-03-01,98.7,7.200000000000003
1978-04-01,109.0,10.299999999999997
1978-05-01,117.8,8.799999999999997
1978-06-01,126.6,8.799999999999997
1978-07-01,138.0,11.400000000000006
1978-08-01,147.3,9.300000000000011
1978-09-01,153.6,6.299999999999983
1978-10-01,157.3,3.700000000000017
1978-11-01,160.4,3.0999999999999943
1978-12-01,166.7,6.299999999999983
1979-01-01,175.2,8.5
1979-02-01,185.4,10.200000000000017
1979-03-01,193.3,7.900000000000006
1979-04-01,199.9,6.599999999999994
1979-05-01,208.5,8.599999999999994
1979-06-01,216.7,8.199999999999989
1979-07-01,219.5,2.8000000000000114
1979-08-01,220.1,0.5999999999999943
1979-09-01,220.4,0.30000000000001137
1979-10-01,223.4,3.0
1979-11-01,229.8,6.400000000000006
1979-12-01,232.9,3.0999999999999943
1980-01-01,232.0,-0.9000000000000057
1980-02-01,230.2,-1.8000000000000114
1980-03-01,227.9,-2.299999999999983
1980-04-01,224.6,-3.3000000000000114
1980-05-01,221.3,-3.299999999999983
1980-06-01,219.1,-2.200000000000017
1980-07-01,216.1,-3.0
1980-08-01,212.0,-4.099999999999994
1980-09-01,211.5,-0.5
1980-10-01,211.9,0.4000000000000057
1980-11-01,209.1,-2.8000000000000114
1980-12-01,202.8,-6.299999999999983
1981-01-01,199.6,-3.200000000000017
1981-02-01,202.2,2.5999999999999943
1981-03-01,205.4,3.200000000000017
1981-04-01,205.7,0.29999999999998295
1981-05-01,204.1,-1.5999999999999943
1981-06-01,200.9,-3.1999999999999886
1981-07-01,198.5,-2.4000000000000057
1981-08-01,199.9,1.4000000000000057
1981-09-01,202.7,2.799999999999983
1981-10-01,201.4,-1.299999999999983
1981-11-01,196.0,-5.400000000000006
1981-12-01,194.1,-1.9000000000000057
1982-01-01,192.7,-1.4000000000000057
1982-02-01,186.6,-6.099999999999994
1982-03-01,180.0,-6.599999999999994
1982-04-01,173.4,-6.599999999999994
1982-05-01,167.5,-5.900000000000006
1982-06-01,164.0,-3.5
1982-07-01,161.5,-2.5
1982-08-01,153.5,-8.0
1982-09-01,141.4,-12.099999999999994
1982-10-01,133.3,-8.099999999999994
1982-11-01,131.3,-2.0
1982-12-01,130.5,-0.8000000000000114
1983-01-01,127.9,-2.5999999999999943
1983-02-01,123.9,-4.0
1983-03-01,117.1,-6.800000000000011
1983-04-01,110.5,-6.599999999999994
1983-05-01,104.5,-6.0
1983-06-01,95.9,-8.599999999999994
1983-07-01,89.1,-6.800000000000011
1983-08-01,88.9,-0.19999999999998863
1983-09-01,91.7,2.799999999999997
1983-10-01,92.0,0.29999999999999716
1983-11-01,89.7,-2.299999999999997
1983-12-01,85.5,-4.200000000000003
1984-01-01,80.5,-5.0
1984-02-01,75.8,-4.700000000000003
1984-03-01,71.2,-4.599999999999994
1984-04-01,66.8,-4.400000000000006
1984-05-01,63.5,-3.299999999999997
1984-06-01,61.7,-1.7999999999999972
1984-07-01,58.3,-3.4000000000000057
1984-08-01,52.2,-6.099999999999994
1984-09-01,44.3,-7.900000000000006
1984-10-01,37.2,-7.099999999999994
1984-11-01,31.6,-5.600000000000001
1984-12-01,27.4,-4.200000000000003
1985-01-01,25.2,-2.1999999999999993
1985-02-01,23.5,-1.6999999999999993
1985-03-01,21.7,-1.8000000000000007
1985-04-01,21.3,-0.3999999999999986
1985-05-01,21.4,0.09999999999999787
1985-06-01,20.8,-0.5999999999999979
1985-07-01,19.9,-0.9000000000000021
1985-08-01,19.6,-0.29999999999999716
1985-09-01,19.8,0.1999999999999993
1985-10-01,19.7,-0.10000000000000142
1985-11-01,19.1,-0.5999999999999979
1985-12-01,17.3,-1.8000000000000007
1986-01-01,15.2,-2.1000000000000014
1986-02-01,14.3,-0.8999999999999986
1986-03-01,14.3,0.0
1986-04-01,15.1,0.7999999999999989
1986-05-01,15.8,0.7000000000000011
1986-06-01,15.2,-0.6000000000000014
1986-07-01,15.1,-0.09999999999999964
1986-08-01,14.4,-0.6999999999999993
1986-09-01,13.5,-0.9000000000000004
1986-10-01,14.7,1.1999999999999993
1986-11-01,16.6,1.9000000000000021
1986-12-01,18.3,1.6999999999999993
1987-01-01,19.9,1.5999999999999979
1987-02-01,22.3,2.400000000000002
1987-03-01,25.5,3.1999999999999993
1987-04-01,28.0,2.5
1987-05-01,30.3,2.3000000000000007
1987-06-01,32.7,2.400000000000002
1987-07-01,36.2,3.5
1987-08-01,40.5,4.299999999999997
1987-09-01,45.3,4.799999999999997
1987-10-01,51.0,5.700000000000003
1987-11-01,55.1,4.100000000000001
1987-12-01,60.9,5.799999999999997
1988-01-01,69.2,8.300000000000004
1988-02-01,76.9,7.700000000000003
1988-03-01,84.9,8.0
1988-04-01,93.0,8.099999999999994
1988-05-01,101.4,8.400000000000006
1988-06-01,114.3,12.899999999999991
1988-07-01,128.5,14.200000000000003
1988-08-01,141.1,12.599999999999994
1988-09-01,151.2,10.099999999999994
1988-10-01,156.9,5.700000000000017
1988-11-01,164.4,7.5
1988-12-01,176.1,11.699999999999989
1989-01-01,184.8,8.700000000000017
1989-02-01,190.7,5.899999999999977
1989-03-01,198.0,7.300000000000011
1989-04-01,203.8,5.800000000000011
1989-05-01,209.5,5.699999999999989
1989-06-01,212.1,2.5999999999999943
1989-07-01,212.0,-0.09999999999999432
1989-08-01,211.1,-0.9000000000000057
1989-09-01,210.5,-0.5999999999999943
1989-10-01,212.4,1.9000000000000057
1989-11-01,212.5,0.09999999999999432
1989-12-01,206.2,-6.300000000000011
1990-01-01,201.2,-5.0
1990-02-01,202.4,1.200000000000017
1990-03-01,200.9,-1.5
1990-04-01,198.1,-2.8000000000000114
1990-05-01,195.1,-3.0
1990-06-01,192.0,-3.0999999999999943
1990-07-01,190.1,-1.9000000000000057
1990-08-01,191.6,1.5
1990-09-01,194.6,3.0
1990-10-01,195.2,0.5999999999999943
1990-11-01,195.2,0.0
1990-12-01,197.8,2.6000000000000227
1991-01-01,202.8,5.0
1991-02-01,204.4,1.5999999999999943
1991-03-01,203.9,-0.5
1991-04-01,203.8,-0.09999999999999432
1991-05-01,202.9,-0.9000000000000057
1991-06-01,202.8,-0.09999999999999432
1991-07-01,203.5,0.6999999999999886
1991-08-01,203.3,-0.19999999999998863
1991-09-01,200.9,-2.4000000000000057
1991-10-01,196.7,-4.200000000000017
1991-11-01,191.4,-5.299999999999983
1991-12-01,183.1,-8.300000000000011
1992-01-01,172.6,-10.5
1992-02-01,161.1,-11.5
1992-03-01,151.8,-9.299999999999983
1992-04-01,146.0,-5.800000000000011
1992-05-01,142.1,-3.9000000000000057
1992-06-01,137.1,-5.0
1992-07-01,128.5,-8.599999999999994
1992-08-01,119.3,-9.200000000000003
1992-09-01,113.0,-6.299999999999997
1992-10-01,109.0,-4.0
1992-11-01,106.3,-2.700000000000003
1992-12-01,104.5,-1.7999999999999972
1993-01-01,101.9,-2.5999999999999943
1993-02-01,99.3,-2.6000000000000085
1993-03-01,95.4,-3.8999999999999915
1993-04-01,90.2,-5.200000000000003
1993-05-01,84.2,-6.0
1993-06-01,78.6,-5.6000000000000085
1993-07-01,76.5,-2.0999999999999943
1993-08-01,73.6,-2.9000000000000057
1993-09-01,68.3,-5.299999999999997
1993-10-01,63.2,-5.099999999999994
1993-11-01,58.4,-4.800000000000004
1993-12-01,55.1,-3.299999999999997
1994-01-01,52.6,-2.5
1994-02-01,50.2,-2.3999999999999986
1994-03-01,49.4,-0.8000000000000043
1994-04-01,49.6,0.20000000000000284
1994-05-01,48.7,-0.8999999999999986
1994-06-01,46.4,-2.3000000000000043
1994-07-01,42.7,-3.6999999999999957
1994-08-01,40.1,-2.6000000000000014
1994-09-01,39.7,-0.3999999999999986
1994-10-01,39.4,-0.30000000000000426
1994-11-01,38.7,-0.6999999999999957
1994-12-01,37.6,-1.1000000000000014
1995-01-01,35.6,-2.0
1995-02-01,33.7,-1.8999999999999986
1995-03-01,32.0,-1.7000000000000028
1995-04-01,29.4,-2.6000000000000014
1995-05-01,27.3,-2.099999999999998
1995-06-01,25.9,-1.4000000000000021
1995-07-01,24.4,-1.5
1995-08-01,22.0,-2.3999999999999986
1995-09-01,19.0,-3.0
1995-10-01,17.0,-2.0
1995-11-01,15.9,-1.0999999999999996
1995-12-01,15.1,-0.8000000000000007
1996-01-01,14.5,-0.5999999999999996
1996-02-01,14.2,-0.3000000000000007
1996-03-01,13.7,-0.5
1996-04-01,12.0,-1.6999999999999993
1996-05-01,11.2,-0.8000000000000007
1996-06-01,11.6,0.40000000000000036
1996-07-01,11.3,-0.29999999999999893
1996-08-01,11.2,-0.10000000000000142
1996-09-01,11.3,0.10000000000000142
1996-10-01,12.0,0.6999999999999993
1996-11-01,13.4,1.4000000000000004
1996-12-01,14.3,0.9000000000000004
1997-01-01,14.5,0.1999999999999993
1997-02-01,15.2,0.6999999999999993
1997-03-01,18.3,3.1000000000000014
1997-04-01,22.0,3.6999999999999993
1997-05-01,24.4,2.3999999999999986
1997-06-01,27.2,2.8000000000000007
1997-07-01,30.4,3.1999999999999993
1997-08-01,33.6,3.200000000000003
1997-09-01,38.2,4.600000000000001
1997-10-01,43.1,4.899999999999999
1997-11-01,47.1,4.0
1997-12-01,52.0,4.899999999999999
1998-01-01,58.4,6.399999999999999
1998-02-01,65.4,7.000000000000007
1998-03-01,72.0,6.599999999999994
1998-04-01,76.9,4.900000000000006
1998-05-01,80.8,3.8999999999999915
1998-06-01,85.4,4.6000000000000085
1998-07-01,89.8,4.3999999999999915
1998-08-01,93.5,3.700000000000003
1998-09-01,96.4,2.9000000000000057
1998-10-01,98.2,1.7999999999999972
1998-11-01,102.3,4.099999999999994
1998-12-01,110.4,8.100000000000009
1999-01-01,118.4,8.0
1999-02-01,122.5,4.099999999999994
1999-03-01,122.3,-0.20000000000000284
1999-04-01,125.0,2.700000000000003
1999-05-01,132.6,7.599999999999994
1999-06-01,136.3,3.700000000000017
1999-07-01,138.1,1.799999999999983
1999-08-01,142.9,4.800000000000011
1999-09-01,150.5,7.599999999999994
1999-10-01,159.3,8.800000000000011
1999-11-01,164.1,4.799999999999983
1999-12-01,164.0,-0.09999999999999432
2000-01-01,166.1,2.0999999999999943
2000-02-01,170.6,4.5
2000-03-01,174.3,3.700000000000017
2000-04-01,175.2,0.8999999999999773
2000-05-01,172.9,-2.299999999999983
2000-06-01,172.7,-0.20000000000001705
2000-07-01,174.2,1.5
2000-08-01,172.8,-1.3999999999999773
2000-09-01,168.8,-4.0
2000-10-01,165.3,-3.5
2000-11-01,163.1,-2.200000000000017
2000-12-01,162.7,-0.4000000000000057
2001-01-01,158.3,-4.399999999999977
2001-02-01,152.5,-5.800000000000011
2001-03-01,155.1,2.5999999999999943
2001-04-01,160.7,5.599999999999994
2001-05-01,163.7,3.0
2001-06-01,167.4,3.700000000000017
2001-07-01,172.0,4.599999999999994
2001-08-01,175.8,3.8000000000000114
2001-09-01,177.1,1.299999999999983
2001-10-01,177.3,0.20000000000001705
2001-11-01,180.3,3.0
2001-12-01,179.1,-1.200000000000017
2002-01-01,177.6,-1.5
2002-02-01,179.7,2.0999999999999943
2002-03-01,178.2,-1.5
2002-04-01,174.4,-3.799999999999983
2002-05-01,171.3,-3.0999999999999943
2002-06-01,166.9,-4.400000000000006
2002-07-01,161.5,-5.400000000000006
2002-08-01,155.4,-6.099999999999994
2002-09-01,149.5,-5.900000000000006
2002-10-01,143.9,-5.599999999999994
2002-11-01,136.0,-7.900000000000006
2002-12-01,131.4,-4.599999999999994
2003-01-01,129.6,-1.8000000000000114
2003-02-01,125.7,-3.8999999999999915
2003-03-01,118.7,-7.0
2003-04-01,111.9,-6.799999999999997
2003-05-01,107.0,-4.900000000000006
2003-06-01,101.7,-5.299999999999997
2003-07-01,96.0,-5.700000000000003
2003-08-01,92.9,-3.0999999999999943
2003-09-01,91.8,-1.1000000000000085
2003-10-01,89.1,-2.700000000000003
2003-11-01,86.9,-2.1999999999999886
2003-12-01,84.1,-2.8000000000000114
2004-01-01,80.1,-4.0
2004-02-01,76.4,-3.6999999999999886
2004-03-01,73.2,-3.200000000000003
2004-04-01,71.0,-2.200000000000003
2004-05-01,69.5,-1.5
2004-06-01,67.1,-2.4000000000000057
2004-07-01,64.8,-2.299999999999997
2004-08-01,63.0,-1.7999999999999972
2004-09-01,60.2,-2.799999999999997
2004-10-01,57.9,-2.3000000000000043
2004-11-01,56.6,-1.2999999999999972
2004-12-01,55.7,-0.8999999999999986
2005-01-01,54.5,-1.2000000000000028
2005-02-01,53.2,-1.2999999999999972
2005-03-01,52.3,-0.9000000000000057
2005-04-01,49.3,-3.0
2005-05-01,45.0,-4.299999999999997
2005-06-01,44.5,-0.5
2005-07-01,44.6,0.10000000000000142
2005-08-01,41.9,-2.700000000000003
2005-09-01,39.4,-2.5
2005-10-01,38.9,-0.5
2005-11-01,38.4,-0.5
2005-12-01,36.0,-2.3999999999999986
2006-01-01,33.0,-3.0
2006-02-01,29.7,-3.3000000000000007
2006-03-01,27.4,-2.3000000000000007
2006-04-01,27.0,-0.3999999999999986
2006-05-01,27.4,0.3999999999999986
2006-06-01,26.2,-1.1999999999999993
2006-07-01,25.0,-1.1999999999999993
2006-08-01,25.9,0.8999999999999986
2006-09-01,26.0,0.10000000000000142
2006-10-01,23.7,-2.3000000000000007
2006-11-01,21.1,-2.599999999999998
2006-12-01,20.2,-0.9000000000000021
2007-01-01,19.8,-0.3999999999999986
2007-02-01,19.0,-0.8000000000000007
2007-03-01,17.7,-1.3000000000000007
2007-04-01,16.4,-1.3000000000000007
2007-05-01,14.4,-1.9999999999999982
2007-06-01,12.8,-1.5999999999999996
2007-07-01,11.6,-1.200000000000001
2007-08-01,9.9,-1.6999999999999993
2007-09-01,9.6,-0.3000000000000007
2007-10-01,9.9,0.3000000000000007
2007-11-01,9.2,-0.7000000000000011
2007-12-01,7.9,-1.299999999999999
2008-01-01,6.6,-1.3000000000000007
2008-02-01,5.6,-1.0
2008-03-01,5.1,-0.5
2008-04-01,5.1,0.0
2008-05-01,5.4,0.3000000000000007
2008-06-01,4.8,-0.6000000000000005
2008-07-01,4.0,-0.7999999999999998
2008-08-01,3.8,-0.20000000000000018
2008-09-01,3.2,-0.5999999999999996
2008-10-01,2.4,-0.8000000000000003
2008-11-01,2.3,-0.10000000000000009
2008-12-01,2.2,-0.09999999999999964
2009-01-01,2.5,0.2999999999999998
2009-02-01,2.7,0.20000000000000018
2009-03-01,2.9,0.19999999999999973
2009-04-01,3.3,0.3999999999999999
2009-05-01,3.5,0.20000000000000018
2009-06-01,4.1,0.5999999999999996
2009-07-01,5.5,1.4000000000000004
2009-08-01,7.4,1.9000000000000004
2009-09-01,9.5,2.0999999999999996
2009-10-01,10.9,1.4000000000000004
2009-11-01,11.7,0.7999999999999989
2009-12-01,12.7,1.0
2010-01-01,14.0,1.3000000000000007
2010-02-01,16.1,2.1000000000000014
2010-03-01,18.5,2.3999999999999986
2010-04-01,20.8,2.3000000000000007
2010-05-01,23.1,2.3000000000000007
2010-06-01,24.6,1.5
2010-07-01,25.2,0.5999999999999979
2010-08-01,26.4,1.1999999999999993
2010-09-01,29.5,3.1000000000000014
2010-10-01,34.5,5.0
2010-11-01,39.1,4.600000000000001
2010-12-01,42.5,3.3999999999999986
2011-01-01,45.7,3.200000000000003
2011-02-01,48.8,3.0999999999999943
2011-03-01,53.8,5.0
2011-04-01,61.1,7.300000000000004
2011-05-01,69.3,8.199999999999996
2011-06-01,77.2,7.900000000000006
2011-07-01,83.6,6.3999999999999915
2011-08-01,86.3,2.700000000000003
2011-09-01,86.6,0.29999999999999716
2011-10-01,87.4,0.8000000000000114
2011-11-01,89.4,2.0
2011-12-01,92.5,3.0999999999999943
2012-01-01,95.5,3.0
2012-02-01,98.1,2.5999999999999943
2012-03-01,98.3,0.20000000000000284
2012-04-01,95.1,-3.200000000000003
2012-05-01,90.9,-4.199999999999989
2012-06-01,86.6,-4.300000000000011
2012-07-01,84.5,-2.0999999999999943
2012-08-01,85.1,0.5999999999999943
2012-09-01,85.3,0.20000000000000284
2012-10-01,85.8,0.5
2012-11-01,87.7,1.9000000000000057
2012-12-01,88.1,0.3999999999999915
2013-01-01,86.8,-1.2999999999999972
2013-02-01,86.1,-0.7000000000000028
2013-03-01,84.4,-1.6999999999999886
2013-04-01,84.3,-0.10000000000000853
2013-05-01,87.0,2.700000000000003
2013-06-01,90.9,3.9000000000000057
2013-07-01,94.6,3.6999999999999886
2013-08-01,99.0,4.400000000000006
2013-09-01,104.6,5.599999999999994
2013-10-01,107.0,2.4000000000000057
2013-11-01,106.9,-0.09999999999999432
2013-12-01,107.6,0.6999999999999886
2014-01-01,109.3,1.7000000000000028
2014-02-01,110.5,1.2000000000000028
2014-03-01,114.3,3.799999999999997
2014-04-01,116.4,2.1000000000000085
2014-05-01,115.0,-1.4000000000000057
2014-06-01,114.1,-0.9000000000000057
2014-07-01,112.6,-1.5
2014-08-01,108.3,-4.299999999999997
2014-09-01,101.9,-6.3999999999999915
2014-10-01,97.3,-4.6000000000000085
2014-11-01,94.7,-2.5999999999999943
2014-12-01,92.2,-2.5
2015-01-01,89.3,-2.9000000000000057
2015-02-01,86.1,-3.200000000000003
2015-03-01,82.1,-4.0
2015-04-01,78.9,-3.1999999999999886
2015-05-01,76.1,-2.8000000000000114
2015-06-01,72.1,-4.0
2015-07-01,68.3,-3.799999999999997
2015-08-01,66.4,-1.8999999999999915
2015-09-01,65.9,-0.5
2015-10-01,64.3,-1.6000000000000085
2015-11-01,61.2,-3.0999999999999943
2015-12-01,57.8,-3.4000000000000057
2016-01-01,54.4,-3.3999999999999986
2016-02-01,52.5,-1.8999999999999986
2016-03-01,50.4,-2.1000000000000014
2016-04-01,47.8,-2.6000000000000014
2016-05-01,44.8,-3.0
2016-06-01,41.5,-3.299999999999997
2016-07-01,38.5,-3.0
2016-08-01,36.0,-2.5
2016-09-01,33.2,-2.799999999999997
2016-10-01,31.5,-1.7000000000000028
2016-11-01,29.9,-1.6000000000000014
2016-12-01,28.5,-1.3999999999999986
2017-01-01,27.8,-0.6999999999999993
2017-02-01,26.5,-1.3000000000000007
2017-03-01,25.7,-0.8000000000000007
2017-04-01,24.8,-0.8999999999999986
2017-05-01,23.3,-1.5
2017-06-01,22.2,-1.1000000000000014
2017-07-01,21.0,-1.1999999999999993
2017-08-01,19.5,-1.5
2017-09-01,18.2,-1.3000000000000007
